countNo,countDid,Maximum
3,8,3
3,6,3
3,6,3
3,13,3
2,1,1
2,1,1
2,2,2
2,1,1
2,11,2
2,5,2
2,2,2
1,1,1
1,4,1
1,1,1
1,1,1
1,1,1
1,2,1
1,2,1
1,2,1
1,5,1
1,1,1
1,2,1
1,2,1
1,1,1
1,1,1
1,1,1
1,1,1
1,1,1
1,1,1
